id,split,question,effective_year,next_review,false_premise,num_hops,fact_type,source,answer_0,answer_1,answer_2,answer_3,answer_4,answer_5,answer_6,answer_7,answer_8,answer_9,note
58,TEST,When did President Joe Biden announce his second presidential campaign this year?,before 2022,,TRUE,one-hop,never-changing,https://en.wikipedia.org/wiki/Joe_Biden_2024_presidential_campaign#:~:text=He%20made%20a%20second%20attempt%20during%20the%202008%20Democratic%20Party%20presidential%20primaries.,He made his second presidential campaign during the 2008 Democratic Party presidential primaries already.,,,,,,,,,,
59,TEST,Who won the FIFA Ballon d'Or last year?,before 2022,,TRUE,one-hop,never-changing,https://en.wikipedia.org/wiki/FIFA_Ballon_d%27Or#:~:text=The%20final%20FIFA%20Ballon%20d%27Or%20was%20presented%20to%20Messi%20in%202015.%20Its%20awarding%20bodies%20subsequently%20ended%20their%20partnership,There was no FIFA Ballon d'Or award last year. The final FIFA Ballon d'Or was presented to Messi in 2015.,,,,,,,,,,
60,TEST,Will there be 29 days in February in the leap year of 2500?,before 2022,,TRUE,one-hop,never-changing,https://www.timeanddate.com/date/leapyear.html#:~:text=According%20to%20these%20rules%2C%20the%20years%202000%20and%202400%20are%20leap%20years%2C%0Awhile%201800%2C%201900%2C%202100%2C%202200%2C%202300%2C%20and%202500%20are%20not%20leap%20years.,2500 is not a leap year.,,,,,,,,,,
61,TEST,How many home runs did Benjamin Ruth hit in the MLB?,before 2022,,TRUE,one-hop,never-changing,,Benjamin Ruth is not a baseball player in the MLB.,,,,,,,,,,
62,TEST,When did Lance Armstrong land on the moon?,before 2022,,TRUE,one-hop,never-changing,https://en.wikipedia.org/wiki/Lance_Armstrong#:~:text=Lance%20Edward%20Armstrong%20(n%C3%A9%20Gunderson%3B%20born%20September%2018%2C%201971)%5B4%5D%20is%20an%20American%20former%20professional%20road%20racing%20cyclist.,Lance Armstrong is not an astronaut.,,,,,,,,,,
63,TEST,On what date did the 1944 German spelling reform go into effect in schools across the country?,before 2022,,TRUE,one-hop,never-changing,https://en.wikipedia.org/wiki/German_orthography_reform_of_1944#:~:text=Although%20one%20million%20copies%20of%20the%20new%20rules%20were%20printed%20by%201944%20for%20school%20use%2C%20the%20reform%20was%20never%20introduced.,The reform was never introduced.,,,,,,,,,,
64,TEST,How many times have the New York Jets lost to the Chicago Bulls?,before 2022,,TRUE,one-hop,never-changing,"https://en.wikipedia.org/wiki/New_York_Jets#:~:text=The%20New%20York%20Jets%20are%20a%20professional%20American%20football%20team
https://en.wikipedia.org/wiki/Chicago_Bulls#:~:text=The%20Chicago%20Bulls%20are%20an%20American%20professional%20basketball%20team",The two teams have never played because the Jets are a football team and the Bulls are a basketball team.,,,,,,,,,,
65,TEST,How many members of parliament in Yugoslavia are women?,before 2022,,TRUE,one-hop,never-changing,"https://en.wikipedia.org/wiki/Yugoslavia#:~:text=Jugoslavija%0A%D0%88%D1%83%D0%B3%D0%BE%D1%81%D0%BB%D0%B0%D0%B2%D0%B8%D1%98%D0%B0-,1918%E2%80%931992,-1941%E2%80%931945%3A",The country of Yugoslavia no longer exists since it broke up into separate countries in 1992.,,,,,,,,,,
66,TEST,When was the iPhone 9 released?,before 2022,,TRUE,one-hop,never-changing,https://en.wikipedia.org/wiki/IPhone#Models,Apple has never released an iPhone 9 nor does it plan to.,,,,,,,,,,
67,TEST,When did cannabis become legal in the United States?,before 2022,,TRUE,one-hop,never-changing,"https://en.wikipedia.org/wiki/Legality_of_cannabis_by_U.S._jurisdiction#:~:text=In%20the%20United%20States%2C,its%20use%20for%20any%20purpose.",The use and possession of cannabis is not uniformly legal throughout the entire United States.,,,,,,,,,,
68,TEST,What date in 2022 did BTS release its 10th studio album?,before 2022,,TRUE,one-hop,never-changing,"https://en.wikipedia.org/wiki/BTS_albums_discography#Compilation_albums:~:text=album.%5B19%5D-,Studio%20albums,-%5Bedit%5D","As of 2024, BTS has only released nine studio albums.",,,,,,,,,,
69,TEST,How many home runs has Real Madrid scored?,before 2022,,TRUE,one-hop,never-changing,https://en.wikipedia.org/wiki/Real_Madrid_CF#:~:text=is%20a%20Spanish%20professional%20football%20club,"Real Madrid is a professional soccer club and thus cannot score home runs. In soccer, players score goals, not home runs, which are made in baseball.",,,,,,,,,,
70,TEST,When did Rick Riordan first release the Harry Potter series?,before 2022,,TRUE,one-hop,never-changing,https://en.wikipedia.org/wiki/Harry_Potter#:~:text=Harry%20Potter%20is%20a%20series%20of%20seven%20fantasy%20novels%20written%20by%20British%20author%20J.%20K.%20Rowling.,The Harry Potter book series was created by J. K. Rowling instead of Rick Riordan.,,,,,,,,,,
71,TEST,When did California secede from the United States?,before 2022,,TRUE,one-hop,never-changing,https://en.wikipedia.org/wiki/California#:~:text=California%20is%20a%20state%20in%20the%20Western%20United%20States,California has never seceded from the United States.,California is still part of the United States.,,,,,,,,,
72,TEST,When did Epic Gaming first release Minecraft?,before 2022,,TRUE,one-hop,never-changing,https://en.wikipedia.org/wiki/Minecraft#:~:text=Minecraft%20is%20a%202011%20sandbox%20game%20developed%20by%20Mojang%20Studios%20and%20originally%20released%20in%202009.,"Minecraft was not developed by Epic Gaming. It was developed by Mojang Studios, which is now owned by Microsoft.",,,,,,,,,,
73,TEST,Which antibiotics are most effective against the flu?,before 2022,,TRUE,one-hop,never-changing,https://en.wikipedia.org/wiki/Influenza#:~:text=Influenza%2C%20commonly%20known%20as%20%22the%20flu%22%20or%20just%20%22flu%22%2C%20is%20an%20infectious%20disease%20caused%20by%20influenza%20viruses.,Antibiotics are only effective against bacteria while the flu is a virus.,,,,,,,,,,
74,TEST,When will IKEA celebrate its fiftieth anniversary?,before 2022,,TRUE,one-hop,never-changing,"https://en.wikipedia.org/wiki/IKEA#:~:text=Founded,28%C2%A0July%201943",IKEA celebrated its fiftieth anniversary in 1993 already.,,,,,,,,,,
75,TEST,In what year was Andrew Johnson elected as President of the United States?,before 2022,,TRUE,one-hop,never-changing,https://en.wikipedia.org/wiki/Andrew_Johnson#:~:text=He%20assumed%20the%20presidency%20following%20the%20assassination%20of%20Abraham%20Lincoln%2C%20as%20he%20was%20vice%20president%20at%20that%20time.,Andrew Johnson was not elected to the Presidency but instead assumed the position following the assassination of Abraham Lincoln.,,,,,,,,,,
76,TEST,When did Meta buy YouTube?,before 2022,,TRUE,one-hop,never-changing,"https://en.wikipedia.org/wiki/YouTube#:~:text=Owner,Google%20LLC",Meta has never bought YouTube.,"YouTube is currently owned by Alphabet, not Meta.",,,,,,,,,
77,TEST,When did Jeff Bezos sell Amazon?,before 2022,,TRUE,one-hop,never-changing,"https://en.wikipedia.org/wiki/Amazon_(company)#:~:text=Owner,Jeff%20Bezos%20(9.8%25)",Jeff Bezos is still the current owner of Amazon.,,,,,,,,,,
78,TEST,In which year did New York join the Confederacy?,before 2022,,TRUE,one-hop,never-changing,https://en.wikipedia.org/wiki/Confederate_States_of_America#References:~:text=The%20states%20were%20South%20Carolina%2C%20Mississippi%2C%20Florida%2C%20Alabama%2C%20Georgia%2C%20Louisiana%2C%20Texas%2C%20Virginia%2C%20Arkansas%2C%20Tennessee%2C%20and%20North%20Carolina.,New York did not join the Confederate States of America.,,,,,,,,,,
79,TEST,When is the Megalodon expected to go extinct?,before 2022,,TRUE,one-hop,never-changing,https://en.wikipedia.org/wiki/Megalodon#:~:text=lived%20approximately%2023%20to%203.6%20million%20years%20ago,The Megalodon went extinct about 3.6 million years ago.,,,,,,,,,,
80,TEST,When did the Great Wall of China collapse?,before 2022,,TRUE,one-hop,never-changing,"https://en.wikipedia.org/wiki/Great_Wall_of_China#:~:text=Wall%20(disambiguation).-,Great%20Wall%20of%20China,-%E8%90%AC%E9%87%8C%E9%95%B7%E5%9F%8E%20/%20%E4%B8%87%E9%87%8C%E9%95%BF%E5%9F%8E",The Great Wall of China is still standing.,,,,,,,,,,
81,TEST,In what year did the Tenth Crusade begin?,before 2022,,TRUE,one-hop,never-changing,"https://en.wikipedia.org/wiki/Crusades#:~:text=In%20the%20Holy%20Land,Edward%27sFall%20of%20Outremer",The Tenth Crusade didn't exist. There were only nine major crusades (including Lord Edward's crusade).,,,,,,,,,,
82,TEST,When was the last time the Fields Medal was awarded to five mathematicians in the same year?,before 2022,,TRUE,one-hop,never-changing,https://en.wikipedia.org/wiki/Fields_Medal#:~:text=The%20Fields%20Medal%20is%20a%20prize%20awarded%20to%20two%2C%20three%2C%20or%20four%20mathematicians,The Fields Medal has never been awarded to more than four mathematicians.,,,,,,,,,,
83,TEST,What date this year will Walt Disney Animation Studios' 60th animated film be released?,before 2022,,TRUE,one-hop,never-changing,"https://en.wikipedia.org/wiki/Walt_Disney_Animation_Studios#:~:text=Milestone%20variants%20were%20used%20for%20Tangled%20(2010)%20and%20Encanto%20(2021)%2C%20with%20text%20saying%20%2250th%20Animated%20Motion%20Picture%22%20and%20%2260th%20Animated%20Motion%20Picture%22%20respectively
https://en.wikipedia.org/wiki/Encanto#:~:text=Release%20dates,(United%20States)","The Walt Disney Animation Studios's 60th animated film, Encanto, was released in 2021 already.",,,,,,,,,,
84,TEST,What American wonder belongs to the New 7 Wonders of Nature?,before 2022,,TRUE,one-hop,never-changing,https://en.wikipedia.org/wiki/New_7_Wonders_of_Nature#Winners,None of American wonders won the New 7 Wonders of Nature.,,,,,,,,,,
85,TEST,In which Russian city were the 2022 Winter Olympics held? ,before 2022,,TRUE,one-hop,never-changing,"https://en.wikipedia.org/wiki/2022_Winter_Olympics#:~:text=2022%20Winter%20Olympics-,Host%20city,Beijing%2C%20China,-Motto","The 2022 Winter Olympics were held in Beijing, China, not in Russia.",,,,,,,,,,
86,TEST,In what three North American countries will the 2026 FIFA's Women World Cup take place?,before 2022,,TRUE,one-hop,never-changing,"https://en.wikipedia.org/wiki/FIFA_Women%27s_World_Cup#:~:text=Tournaments,201920232027",There won't be a FIFA's Women World Cup in 2026.,,,,,,,,,,
87,TEST,How much did Da Vinci's Salvator Mundi sell for at the 2017 Sotheby's auction?,before 2022,,TRUE,one-hop,never-changing,https://en.wikipedia.org/wiki/Salvator_Mundi_(Leonardo)#Christie's_auction:~:text=The%20painting%20was%20sold%20at%20auction%20for%20US%24450.3%20million%20on%2015%20November%202017%20by%20Christie%27s,"It was sold at Christie's instead of Sotheby's. Sotheby's was the broker for an older, private deal.",,,,,,,,,,
88,TEST,How many rebounds per game did Lebron James average in college?,before 2022,,TRUE,one-hop,never-changing,"https://en.wikipedia.org/wiki/LeBron_James#High_school_career:~:text=lb%20(113%C2%A0kg)-,Career%20information,-High%20school",LeBron James never attended college.,,,,,,,,,,
89,TEST,A chemical reaction between lead and what other element produces gold as a byproduct?,before 2022,,TRUE,one-hop,never-changing,https://www.thoughtco.com/turning-lead-into-gold-602104#:~:text=Changing%20the%20element%20requires%20changing%20the%20atomic%20(proton)%20number.%20The%20number%20of%20protons%20in%20an%20element%20cannot%20be%20altered%20by%20any%20chemical%20means.,No chemical element can convert lead into gold.,,,,,,,,,,
90,TEST,Which party won the 2022 elections held in Afghanistan?,before 2022,,TRUE,one-hop,never-changing,https://en.wikipedia.org/wiki/Elections_in_Afghanistan#:~:text=The%20Taliban%20dissolved%20the%20Elections%20Commission%20in%20December%202021.%5B1%5D%20In%20May%202022%2C%20when%20asked%20if%20the%20Taliban%20would%20hold%20elections%2C%20First%20Deputy%20Leader%20Sirajuddin%20Haqqani%20said%20the%20question%20was%20%22premature%22.,There have been no elections held since the Taliban took power.,,,,,,,,,,
91,TEST,By how much is 3 bigger than 4?,before 2022,,TRUE,one-hop,never-changing,,3 is smaller than 4 by 1.,,,,,,,,,,
115,TEST,How long has Harry Styles been a member of One Direction?,before 2022,,TRUE,multi-hop,never-changing,https://en.wikipedia.org/wiki/One_Direction#:~:text=The%20band%20went%20on%20indefinite%20hiatus%20in%20January%202016%2C%20allowing%20all%20members%20to%20pursue%20other%20projects.,One Direction is no longer active.,,,,,,,,,,
116,TEST,What is the smallest cube number which can be expressed as the sum of two different positive cube numbers in two different ways?,before 2022,,TRUE,multi-hop,never-changing,https://en.wikipedia.org/wiki/Fermat%27s_Last_Theorem#:~:text=In%20number%20theory%2C%20Fermat%27s%20Last%20Theorem%20(sometimes%20called%20Fermat%27s%20conjecture%2C%20especially%20in%20older%20texts)%20states%20that%20no%20three%20positive%20integers%20a%2C%20b%2C%20and%20c%20satisfy%20the%20equation%20an%20%2B%20bn%20%3D%20cn%20for%20any%20integer%20value%20of%20n%20greater%20than%202.,"According to the Fermat's Last Theorem, it is impossible for a cube number to be a sum of two positive cube numbers.",,,,,,,,,,
248,TEST,What was the first animal to orbit the Earth?,before 2022,,FALSE,one-hop,never-changing,https://en.wikipedia.org/wiki/Laika#:~:text=the%20first%20to%20orbit%20the%20Earth,Laika,,,,,,,,,,
249,TEST,What is the largest model size of GPT-3?,before 2022,,FALSE,one-hop,never-changing,https://arxiv.org/pdf/2005.14165.pdf#page=8,175 billion parameters,175B parameters,175 billion,175B,,,,,,,
250,TEST,Which country has a red flag with one yellow star?,before 2022,,FALSE,one-hop,never-changing,"https://en.wikipedia.org/wiki/Flag_of_Vietnam#:~:text=sao%20v%C3%A0ng%20(%22-,red%20flag%20with%20a%20golden%20star,-%22)%0AC%E1%BB%9D%20T%E1%BB%95",Vietnam,,,,,,,,,,
251,TEST,What city was connected with the earliest cases of COVID-19?,before 2022,,FALSE,one-hop,never-changing,https://en.wikipedia.org/wiki/COVID-19#:~:text=The%20first%20known%20case%20was%20identified%20in%20Wuhan%2C%20China,Wuhan,"Wuhan, China",Huanan Seafood Wholesale Market,Huanan Market,China,,,,,,
252,TEST,What country has the most similar flag to that of Romania?,before 2022,,FALSE,one-hop,never-changing,https://en.wikipedia.org/wiki/Flag_of_Romania#:~:text=The%20similarity%20with%20Chad%27s%20flag%2C%20which%20is%20identical%20apart%20from%20allowing%20a%20broader%20range%20of%20shades%20of%20blue%2C%20yellow%20and%20red%2C%20has%20caused%20international%20discussion.,Chad,Republic of Chad,,,,,,,,,
253,TEST,What state is known as the Aloha State?,before 2022,,FALSE,one-hop,never-changing,"https://en.wikipedia.org/wiki/Hawaii#:~:text=Nickname(s)%3A-,The%20Aloha%20State,-(official)%2C%20Paradise%20of",Hawaii,Hawai'i,,,,,,,,,
254,TEST,In what year will Google celebrate its 30th birthday?,before 2022,,FALSE,one-hop,never-changing,"https://en.wikipedia.org/wiki/Google#:~:text=Founded-,September%C2%A04%2C%201998,-%3B%2025%20years%20ago",2028,4-Sep-28,4-Sep-28,4-Sep-28,4-Sep-28,09/4/2028,09-4-2028,4/09/2028,4-09-2028,2028/9/4,
255,TEST,Where did Jeff Dean get his Ph.D. from?,before 2022,,FALSE,one-hop,never-changing,https://en.wikipedia.org/wiki/Jeff_Dean#:~:text=He%20received%20a%20Ph.D.%20in%20computer%20science%20from%20the%20University%20of%20Washington%20in%201996,University of Washington,The University of Washington,UW,U. of Washington,,,,,,,
256,TEST,What is the largest mammal in the world?,before 2022,,FALSE,one-hop,never-changing,https://en.wikipedia.org/wiki/Blue_whale#:~:text=it%20is%20the%20largest%20animal%20known%20ever%20to%20have%20existed,blue whale,,,,,,,,,,
257,TEST,What is the tallest mountain in Alaska?,before 2022,,FALSE,one-hop,never-changing,https://en.wikipedia.org/wiki/Denali#:~:text=highest%20mountain%20peak%20in%20North%20America,Mount Denali,Mount McKinley,,,,,,,,,
258,TEST,What breed of dog was Queen Elizabeth II of England famous for keeping?,before 2022,,FALSE,one-hop,never-changing,"https://en.wikipedia.org/wiki/Royal_corgis#:~:text=Fond%20of%20corgis%20since%20she,the%20years%201933%20to%202018.",Corgi,Pembroke Welsh Corgi,,,,,,,,,
259,TEST,What class of beer is top-fermenting?,before 2022,,FALSE,one-hop,never-changing,"https://vinepair.com/beer-101/ale-vs-lager-the-role-of-yeast-in-beer/#:~:text=Ale%20is%20top%2Dfermented%2C%20meaning,and%20at%20a%20higher%20temperature.",ales,ale,,,,,,,,,
260,TEST,Which country won the 2017 Eurovision Song Contest?,before 2022,,FALSE,one-hop,never-changing,https://en.wikipedia.org/wiki/Eurovision_Song_Contest_2017#:~:text=The%20winner%20was%20Portugal,Portugal,,,,,,,,,,
261,TEST,What year did Intel go public?,before 2022,,FALSE,one-hop,never-changing,https://www.intc.com/stock-info/faq#:~:text=Intel%20went%20public%20October%2013%2C%201971,1971,13-Oct-71,13-Oct-71,13-Oct-71,13-Oct-71,10/13/1971,10-13-1971,13/10/1971,13-10-1971,1971/10/13,
262,TEST,Who wrote the book titled Orientalism?,before 2022,,FALSE,one-hop,never-changing,https://en.wikipedia.org/wiki/Orientalism_(book)#:~:text=Orientalism%20is%20a%201978%20book%20by%20Edward%20W.%20Said,Edward W. Sa√Ød,Edward W. Said,Edward Said,,,,,,,,
263,TEST,Sandstones are categorized into what type of sedimentary rocks?,before 2022,,FALSE,one-hop,never-changing,https://en.wikipedia.org/wiki/Sandstone#:~:text=Sandstone%20is%20a%20clastic%20sedimentary%20rock,clastic,clastic rocks,clastic sedimentary rocks,siliciclastic sedimentary rocks,,,,,,,
264,TEST,"Did Queen Elizabeth II visit Rhode Island, USA?",before 2022,,FALSE,one-hop,never-changing,https://www.newportri.com/picture-gallery/news/history/2021/04/09/prince-philip-and-queen-elizabeth-visit-newport-ri-1976-bicentennial/7155433002/#:~:text=Prince%20Philip%20and%20Queen%20Elizabeth%27s%20visit%20to%20Newport%20RI%20in%201976,Yes,,,,,,,,,,
265,TEST,"In Greek mythology, what is the name of Menelaus' wife?",before 2022,,FALSE,one-hop,never-changing,https://en.wikipedia.org/wiki/Helen_of_Troy#:~:text=She%20was%20married%20to%20King%20Menelaus%20of%20Sparta,Helen of Troy,Helen,Helena,Helen of Sparta,,,,,,,
266,TEST,Who won the 2020 Formula 1 world driver's championship?,before 2022,,FALSE,one-hop,never-changing,https://en.wikipedia.org/wiki/2020_Formula_One_World_Championship#:~:text=Drivers%27%20Champion%3A%20Lewis%20Hamilton,Lewis Hamilton,Hamilton,,,,,,,,,
267,TEST,What was the real name of the Unabomber?,before 2022,,FALSE,one-hop,never-changing,https://en.wikipedia.org/wiki/Ted_Kaczynski#:~:text=Theodore%20John%20Kaczynski%20(/k%C9%99%CB%88z%C9%AAnski/%20%E2%93%98%20k%C9%99%2DZIN%2Dskee%3B%20May%2022%2C%201942%20%E2%80%93%20June%2010%2C%202023)%2C%20also%20known%20as%20the%20Unabomber,Ted Kacsynzki,Theodore John Kaczynski,,,,,,,,,
268,TEST,What are the starter pokemon available in Pokemon Diamond?,before 2022,,FALSE,one-hop,never-changing,https://en.wikipedia.org/wiki/Pok%C3%A9mon_Diamond_and_Pearl#Gameplay:~:text=They%20are%20then%20given%20a%20choice%20of%20one%20of%20three%20Pok%C3%A9mon%20found%20within%E2%80%94the%20Grass%2Dtype%20Turtwig%2C%20the%20Fire%2Dtype%20Chimchar%2C%20or%20the%20Water%2Dtype%20Piplup,"Turtwig, Chimchar, and Piplup","Turtwig, Piplup, and Chimchar","Chimchar, Turtwig, and Piplup","Chimchar, Piplup, and Turtwig","Piplup, Turtwig, and Chimchar","Piplup, Chimchar, and Turtwig",,,,,
269,TEST,Where did the first atomic bomb test take place in the United States?,before 2022,,FALSE,one-hop,never-changing,https://en.wikipedia.org/wiki/Trinity_(nuclear_test)#:~:text=was%20conducted%20in%20the%20Jornada%20del%20Muerto%20desert%20about%2035%20miles%20(56%C2%A0km)%20southeast%20of%20Socorro%2C%20New%20Mexico%2C%20on%20what%20was%20the%20Alamogordo%20Bombing%20and%20Gunnery%20Range%20(renamed%20the%20White%20Sands%20Proving%20Ground%20just%20before%20the%20test),"Jornada del Muerto Desert, New Mexico",Alamogordo Bombing Range,New Mexico,,,,,,,,
270,TEST,How many lungs do slugs have?,before 2022,,FALSE,one-hop,never-changing,"https://en.wikipedia.org/wiki/Pneumostome#:~:text=into%20the%20animal%27s-,single%20lung,-%2C%20the%20air%2Dfilled",1,one,single,,,,,,,,
271,TEST,On what date did the Berlin Wall fall?,before 2022,,FALSE,one-hop,never-changing,"https://en.wikipedia.org/wiki/Fall_of_the_Berlin_Wall#:~:text=East%20German%20counterpart-,Date,9%C2%A0November%201989,-%3B%2034%20years%20ago",9-Nov-89,9-Nov-89,9-Nov-89,9-Nov-89,11/9/1989,11-9-1989,9/11/1989,9-11-1989,1989/11/9,1989/11/9,
272,TEST,On what date did Elvis Presley die?,before 2022,,FALSE,one-hop,never-changing,"https://en.wikipedia.org/wiki/Elvis_Presley#:~:text=Mississippi%2C%20U.S.-,Died,August%2016%2C%201977,-(aged%C2%A042)",16-Aug-77,16-Aug-77,16-Aug-77,16-Aug-77,08/16/1977,08-16-1977,16/08/1977,16-08-1977,1977/8/16,1977/8/16,
273,TEST,Which Polish president died in a plane crash near Smolensk?,before 2022,,FALSE,one-hop,never-changing,"https://en.wikipedia.org/wiki/Death_and_state_funeral_of_Lech_and_Maria_Kaczy%C5%84ski#:~:text=Lech%20Kaczy%C5%84ski%2C%20the%20fourth%20President,was%20also%20among%20those%20killed.",Lech Kaczy≈Ñski,Lech Kaczynski,President Lech Kaczy≈Ñski,President Kaczy≈Ñski,Kaczy≈Ñski,Kaczynski,,,,,
274,TEST,What year did Japan bomb Pearl Harbor?,before 2022,,FALSE,one-hop,never-changing,"https://en.wikipedia.org/wiki/Attack_on_Pearl_Harbor#:~:text=Naval%20Yard.-,Date,December%C2%A07%2C%201941%3B%2082%20years%20ago,-Location",1941,,,,,,,,,,
275,TEST,When did David Bowie die?,before 2022,,FALSE,one-hop,never-changing,"https://en.wikipedia.org/wiki/Death_of_David_Bowie#:~:text=Date,10%C2%A0January%202016",2016,10-Jan-16,10-Jan-16,10-Jan-16,10-Jan-16,01/10/2016,01-10-2016,10/01/2016,10-01-2016,2016/1/10,
276,TEST,Who is the creator of Super Smash Bros.?,before 2022,,FALSE,one-hop,never-changing,https://en.wikipedia.org/wiki/Masahiro_Sakurai#:~:text=Masahiro%20Sakurai%20(%E6%A1%9C%E4%BA%95%20%E6%94%BF%E5%8D%9A%2C%20Sakurai%20Masahiro%2C%20born%20August%203%2C%201970)%20is%20a%20Japanese%20video%20game%20director%20and%20game%20designer%20best%20known%20as%20the%20creator%20of%20the%20Kirby%20and%20Super%20Smash%20Bros.%20series.,Masahiro Sakurai,Sakurai,Sakurai-san,,,,,,,,
277,TEST,On what date was Lunar New Year 2023?,before 2022,,FALSE,one-hop,never-changing,"https://en.wikipedia.org/wiki/Chinese_New_Year#:~:text=2023%C2%A0date,22%20January",22-Jan-23,22-Jan-23,22-Jan-23,22-Jan-23,01/22/2023,01-22-2023,22/01/2023,22-01-2023,2023/1/22,2023/1/22,
278,TEST,"Is Sunderland, MA to the north or south of Amherst, MA?",before 2022,,FALSE,one-hop,never-changing,"https://en.wikipedia.org/wiki/Sunderland,_Massachusetts#:~:text=Sunderland%20is%20bordered%20by%20Montague%20to%20the%20north%2C%20Leverett%20to%20the%20east%2C%20Amherst%20and%20Hadley%20to%20the%20south",north,,,,,,,,,,
279,TEST,What city was Emily Dickinson born in?,before 2022,,FALSE,one-hop,never-changing,https://en.wikipedia.org/wiki/Emily_Dickinson#:~:text=Dickinson%20was%20born%20in%20Amherst%2C%20Massachusetts,"Amherst, Massachusetts","Amherst, MA",United States,Amherst,,,,,,,
280,TEST,Who wrote Between the World and Me?,before 2022,,FALSE,one-hop,never-changing,https://en.wikipedia.org/wiki/Between_the_World_and_Me#:~:text=Between%20the%20World%20and%20Me%20is%20a%202015%20nonfiction%20book%20written%20by%20American%20author%20Ta%2DNehisi%20Coates,Ta-Nehisi Coates,Coates,Ta-Nehisi Paul Coates,,,,,,,,
281,TEST,Who founded Amazon?,before 2022,,FALSE,one-hop,never-changing,"https://en.wikipedia.org/wiki/Amazon_(company)#:~:text=%2C%20U.S.-,Founder,Jeff%20Bezos,-Headquarters",Jeff Bezos,Bezos,Jeffrey Preston Bezos,,,,,,,,
282,TEST,What is the capital of the commonwealth of Massachusetts?,before 2022,,FALSE,one-hop,never-changing,https://en.wikipedia.org/wiki/Boston#:~:text=officially%20the%20City%20of%20Boston%2C%20is%20the%20capital%20and%20most%20populous%20city%20in%20the%20Commonwealth%20of%20Massachusetts%20in%20the%20United%20States,Boston,City of Boston,,,,,,,,,
283,TEST,Which team won the 2021 FIFA Club World Cup?,before 2022,,FALSE,one-hop,never-changing,https://en.wikipedia.org/wiki/2021_FIFA_Club_World_Cup#:~:text=The%20eventual%20winners%20of%20that%20competition%2C%20Chelsea,Chelsea,Chelsea Football Club,Chelsea F.C.,,,,,,,,
284,TEST,During the recording of which Beatles album did Ringo Starr temporarily quit the band?,before 2022,,FALSE,one-hop,never-changing,"https://en.wikipedia.org/wiki/Ringo_Starr#Studio_years:~:text=Relations%20within%20the,quit%20the%20Beatles",White Album,the White Album sessions,The Beatles,,,,,,,,
285,TEST,In what city is the Louvre Museum?,before 2022,,FALSE,one-hop,never-changing,https://en.wikipedia.org/wiki/Louvre#:~:text=is%20a%20national%20art%20museum%20in%20Paris,"Paris, France",Paris,France,"Rue de Rivoli, 75001 Paris, France",,,,,,,
286,TEST,In what month and year did the Tulip mania bubble collapse?,before 2022,,FALSE,one-hop,never-changing,https://en.wikipedia.org/wiki/Tulip_mania#:~:text=dramatically%20collapsed%20in%20February%201637,February 1637,"February, 1637",02/1637,02-1637,,,,,,,
287,TEST,Which character arrives late to the titular banquet in Plato's Symposium?,before 2022,,FALSE,one-hop,never-changing,https://en.wikipedia.org/wiki/Symposium_(Plato)#Synopsis:~:text=Socrates%20is%20late%20to%20arrive%20because%20he%20became%20lost%20in%20thought%20on%20the%20way.,Socrates,,,,,,,,,,
289,TEST,The 1939 German invasion of Poland began soon after Germany signed a non-aggression pact with what other nation?,before 2022,,FALSE,one-hop,never-changing,https://en.wikipedia.org/wiki/Molotov%E2%80%93Ribbentrop_Pact#:~:text=Soon%20after%20the%20pact%2C%20Germany%20invaded%20Poland%20on%201%20September%201939.,Soviet Union,,,,,,,,,,
290,TEST,"What award did Yann LeCun, Geoffrey Hinton, and Yoshua Bengio win together?",before 2022,,FALSE,one-hop,never-changing,"https://awards.acm.org/about/2018-turing#:~:text=ACM%20named%20Yoshua%20Bengio%2C%20Geoffrey%20Hinton%2C%20and%20Yann%20LeCun%20recipients%20of%20the%202018%20ACM%20A.M.%20Turing%20Award
https://www.fpa.es/en/princess-of-asturias-awards/laureates/2022-geoffrey-hinton-yann-lecun-yoshua-bengio-and-demis-hassabis.html?especifica=0#:~:text=GEOFFREY%20HINTON%2C%20YANN,TECHNICAL%20%26%20SCIENTIFIC%20RESEARCH",Turing Award,ACM Turing Award,A.M. Turing Award,ACM A.M. Turing Award,Princess of Asturias Award,,,,,,
291,TEST,What was the real name of the author George Eliot?,before 2022,,FALSE,one-hop,never-changing,https://en.wikipedia.org/wiki/George_Eliot#:~:text=Mary%20Ann%20Evans%20(22%20November%201819%20%E2%80%93%2022%20December%201880%3B%20alternatively%20Mary%20Anne%20or%20Marian%5B1%5D%5B2%5D)%2C%20known%20by%20her%20pen%20name%20George%20Eliot,Mary Ann Evans,Mary,Mary Ann,,,,,,,,
292,TEST,Where is Gil Evans from?,before 2022,,FALSE,one-hop,never-changing,https://en.wikipedia.org/wiki/Gil_Evans#:~:text=Toronto%2C%20Ontario%2C%20Canada,"Toronto, Canada",Toronto,"Toronto, Ontario, Canada","Ontario, Canada",Canada,,,,,,
293,TEST,Who is the director of the movie The Room?,before 2022,,FALSE,one-hop,never-changing,"https://en.wikipedia.org/wiki/The_Room#:~:text=Theatrical%20release%20poster-,Directed%20by,Tommy%20Wiseau,-Written%20by",Tommy Wiseau,Thomas P. Wiseau,Thomas Wiseau,,,,,,,,
294,TEST,How many years did the Hundred Years' War last?,before 2022,,FALSE,one-hop,never-changing,https://en.wikipedia.org/wiki/Hundred_Years%27_War#:~:text=116%C2%A0years%2C%204%C2%A0months%2C%203%C2%A0weeks%20and%204%C2%A0days,116 years,116,"116 years, 4 months, 3 weeks and 4 days","116 years, 4 months, and 3 weeks",116 years and 4 months,,,,,,
295,TEST,On which side do people stand on the escalator in Tokyo?,before 2022,,FALSE,one-hop,never-changing,https://www.myjrpass.com/ja/blog/Escalator_Rules_Japan#:~:text=In%20Tokyo%2C%20people%20stand%20on%20the%20left%20side,left,left side,,,,,,,,,
296,TEST,In which month does the Japanese school year start?,before 2022,,FALSE,one-hop,never-changing,https://education.jnto.go.jp/en/school-in-japan/japanese-education-system/#:~:text=In%20principle%2C%20the%20school%20year%20begins%20in%20April%20and%20ends%20in%20March%20of%20the%20following%20year.,April,,,,,,,,,,
297,TEST,Who was the first football player to score one hundred international goals?,before 2022,,FALSE,one-hop,never-changing,https://olympics.com/en/news/most-goals-international-football-list-men-women#:~:text=Iran%E2%80%99s%20Ali%20Daei%2C%20who%20was%20the%20first%20football%20player%20to%20score%20100%20international%20goals,Ali Daei,,,,,,,,,,
298,TEST,In which municipality did Typhoon Haiyan make its first eye landfall?,before 2022,,FALSE,one-hop,never-changing,https://en.wikipedia.org/wiki/Typhoon_Haiyan#:~:text=the%20eye%20of%20the%20typhoon%20made%20its%20first%20landfall%20in%20the%20Philippines%20at%20Guiuan%2C%20Eastern%20Samar,"Guiuan, Eastern Samar",Guiuan,,,,,,,,,
299,TEST,"What time of day on August 15, 1947 did India become an independent nation?",before 2022,,FALSE,one-hop,never-changing,https://en.wikipedia.org/wiki/Indian_independence_movement#Sovereignty_and_partition_of_India:~:text=Then%20at%2012%3A02%20A.M.%2C%20on%2015%20August%201947%20India%20became%20a%20sovereign%20and%20democratic%20nation.,12:02 AM,12:02,0:02,,,,,,,,
300,TEST,Where was Emily Joanna Carey born?,before 2022,,FALSE,one-hop,never-changing,https://en.wikipedia.org/wiki/Emily_Carey#:~:text=Carey%20was%20born%20in%20the%20London%20Borough%20of%20Barnet.,Barnet,The London Borough of Barnet,London,North London,,,,,,,
301,TEST,"Along with streptococcus thermophilus, what other bacteria is used to make Bulgarian yogurt?",before 2022,,FALSE,one-hop,never-changing,"https://www.ncbi.nlm.nih.gov/pmc/articles/PMC7996614/#:~:text=Bulgarian%20yoghurt%20is%20a%20traditional,bulgaricus)%20and%20Streptococcus%20thermophilus.",Lactobacillus bulgaricus,L. bulgaricus,L. d. bulgaricus,Lactobacillus delbrueckii subsp. bulgaricus,Lactobacillus delbrueckii subspecies bulgaricus,,,,,,
302,TEST,When did Blackpink make their debut?,before 2022,,FALSE,one-hop,never-changing,https://en.wikipedia.org/wiki/Blackpink#:~:text=Blackpink%20debuted%20in%20August%202016,2016,8-Aug-16,8-Aug-16,8-Aug-16,8-Aug-16,08/8/2016,08-8-2016,8/08/2016,8-08-2016,2016/8/8,
303,TEST,Which company developed Overwatch?,before 2022,,FALSE,one-hop,never-changing,"https://en.wikipedia.org/wiki/Overwatch_(video_game)#:~:text=Developer(s),Blizzard%20Entertainment",Blizzard Entertainment,Blizzard,,,,,,,,,
304,TEST,What is the heaviest reptile in the world?,before 2022,,FALSE,one-hop,never-changing,"https://en.wikipedia.org/wiki/List_of_largest_reptiles#:~:text=Maximum%20length%20%5Bm%5D-,1,Saltwater%20crocodile,-400%20%E2%80%93%201%2C300%5B2",saltwater crocodile,crocodylus porosus,,,,,,,,,
305,TEST,Who first proposed the idea that all matter exhibits wave-particle duality?,before 2022,,FALSE,one-hop,never-changing,https://en.wikipedia.org/wiki/Matter_wave#De_Broglie_relations:~:text=The%20concept%20that%20matter%20behaves%20like%20a%20wave%20was%20proposed%20by%20French%20physicist%20Louis%20de%20Broglie,Louis de Broglie,De Broglie,physicist Louis de Broglie,,,,,,,,
306,TEST,What state of Germany is the University of Konstanz located in?,before 2022,,FALSE,one-hop,never-changing,"https://en.wikipedia.org/wiki/University_of_Konstanz#:~:text=of%20Konstanz%20in-,Baden%2DW%C3%BCrttemberg%2C%20Germany,-.%20Its%20main%20campus",Baden-W√ºrttemberg,,,,,,,,,,
307,TEST,What film starred Brad Pitt's first leading role?,before 2022,,FALSE,one-hop,never-changing,https://en.wikipedia.org/wiki/The_Dark_Side_of_the_Sun_(film)#:~:text=The%20Dark%20Side%20of%20the%20Sun%5Ba%5D%20is%20a%201988%20American%2DYugoslavian%20drama%20film%20directed%20by%20Bo%C5%BEidar%20Nikoli%C4%87%20and%20stars%20Brad%20Pitt%20in%20his%20first%20leading%20role%2C%20as%20a%20young%20man%20in%20search%20of%20a%20cure%20for%20a%20rare%20and%20deadly%20skin%20disorder.,The Dark Side of the Sun,,,,,,,,,,
308,TEST,What was the date of Led Zeppelin's last UK concert?,before 2022,,FALSE,one-hop,never-changing,https://www.radiox.co.uk/artists/led-zeppelin/last-concert-with-john-bonham-1980-setlist/#:~:text=It%20turned%20out%20that%20these%20two%20dates%20(4%20and%2011%20August%201979)%20would%20be%20the%20band%27s%20final%20UK%20concerts.,11-Aug-79,11-Aug-79,11-Aug-79,11-Aug-79,08/11/1979,08-11-1979,11/08/1979,11-08-1979,1979/8/11,1979/8/11,
309,TEST,Which countries will host FIFA World Cup 2026?,before 2022,,FALSE,one-hop,never-changing,https://en.wikipedia.org/wiki/2026_FIFA_World_Cup#:~:text=It%20will%20be%20jointly%20hosted%20by%2016%20cities%20in%20three%20North%20American%20countries%3A%20Canada%2C%20Mexico%2C%20and%20the%20United%20States.,"USA, Canada, and Mexico","Canada, Mexico, and the United States","the US, Canada and Mexico","Mexico, Canada, and the United States","U.S., Mexico, Canada",,,,,,
310,TEST,How many property cards are in Monopoly Deal's dark blue set?,before 2022,,FALSE,one-hop,never-changing,"https://monopolydealrules.com/index.php?page=cards#:~:text=include%3A%20Green%20Set%2C-,Dark%20Blue%20Set,-%2C%20Light%20Blue%20Set",2,two,,,,,,,,,
311,TEST,In what year was the UMass Outing Club founded?,before 2022,,FALSE,one-hop,never-changing,"https://dailycollegian.com/2008/04/breaking-out/#:~:text=to%20change%20that.-,Established%20in%201922,-%2C%20the%20Outing%20Club",1922,,,,,,,,,,
312,TEST,How many players are on a basketball court at once including both teams?,before 2022,,FALSE,one-hop,never-changing,https://en.wikipedia.org/wiki/Basketball#:~:text=Basketball%20is%20a%20team%20sport%20in%20which%20two%20teams%2C%20most%20commonly%20of%20five%20players%20each,10,ten,10 players,ten players,,,,,,,
313,TEST,What country is Kiwifruit native to?,before 2022,,FALSE,one-hop,never-changing,"https://en.wikipedia.org/wiki/Kiwifruit#:~:text=and%20unique%20flavour.-,Kiwifruit%20is%20native%20to%20central%20and%20eastern%20China.,-%5B2%5D%20The",China,mainland China,central and eastern China,,,,,,,,
314,TEST,What two things did Benjamin Franklin claim to be certain in this world?,before 2022,,FALSE,one-hop,never-changing,https://constitutioncenter.org/blog/benjamin-franklins-last-great-quote-and-the-constitution#:~:text=nothing%20is%20certain%20except%20death%20and%20taxes%2C%E2%80%9D%20Franklin%20said,Death and Taxes,Taxes and Death,death and taxes,,,,,,,,
315,TEST,When did the Chinese Tang Dynasty end?,before 2022,,FALSE,one-hop,never-changing,https://en.wikipedia.org/wiki/Tang_dynasty#:~:text=The%20Tang%20dynasty%20(/t%C9%91%CB%90%C5%8B/%2C%5B6%5D%20%5Bt%CA%B0a%CC%8C%C5%8B%5D%3B%20Chinese%3A%20%E5%94%90%E6%9C%9D%5Ba%5D)%2C%20or%20the%20Tang%20Empire%2C%20was%20an%20imperial%20dynasty%20of%20China%20that%20ruled%20from%20618%20to%20907,907 AD,907,Tianyou 4,,,,,,,,
316,TEST,Which mountain is at the north end of the Appalachian Trail?,before 2022,,FALSE,one-hop,never-changing,https://en.wikipedia.org/wiki/Mount_Katahdin#:~:text=Katahdin%20is%20the%20northern%20terminus%20of%20the%20Appalachian%20Trail,Mount Katahdin,Mt. Katahdin,Katahdin,"Mount Katahdin, Baxter Peak",,,,,,,
317,TEST,Which city does Disco Elysium take place in?,before 2022,,FALSE,one-hop,never-changing,https://en.wikipedia.org/wiki/Disco_Elysium#:~:text=Events%20in%20the%20game%20take%20place%20in%20the%20impoverished%20district%20of%20Martinaise%20within%20the%20city%20of%20Revachol,Revachol,,,,,,,,,,
318,TEST,Which countries border the largest lake on Earth?,before 2022,,FALSE,one-hop,never-changing,https://en.wikipedia.org/wiki/Caspian_Sea#:~:text=It%20is%20bounded%20by%20Kazakhstan%20to%20the%20northeast%2C%20Russia%20to%20the%20northwest%2C%20Azerbaijan%20to%20the%20southwest%2C%20Iran%20to%20the%20south%2C%20and%20Turkmenistan%20to%20the%20southeast.,"Kazakhstan, Turkmenistan, Iran, Azerbaijan, and Russia","Russia, Iran, Azerbaijan, Kazakhstan, and Turkmenistan","Iran, Russia, Azerbaijan, Turkmenistan, and Kazakhstan","Iran, Azerbaijan, Kazakhstan, Turkmenistan, and Russia","Kazakhstan, Iran, Azerbaijan, Russia, and Turkmenistan",Russian Federation,,,,,
319,TEST,Who is Elrond's father in J. R. R. Tolkien's Middle Earth stories?,before 2022,,FALSE,one-hop,never-changing,https://en.wikipedia.org/wiki/E%C3%A4rendil_and_Elwing#:~:text=E%C3%A4rendil%27s%20son%20Elrond,E√§rendil,Earendil,E√§rendil the Blessed,Bright E√§rendil,,,,,,,
320,TEST,"On what month, day, and year was the Declaration of Independence signed?",before 2022,,FALSE,one-hop,never-changing,https://en.wikipedia.org/wiki/Signing_of_the_United_States_Declaration_of_Independence#:~:text=The%20signing%20of%20the%20United%20States%20Declaration%20of%20Independence%20occurred%20primarily%20on%20August%202%2C%201776,"August 2, 1776. It is not July 4, 1776, which is when it was published.","Aug 2, 1776","August 2, 1776",2 Aug 1776,2 August 1776,08/02/1776,08-02-1776,02/08/1776,02-08-1776,1776/08/02,
321,TEST,Who was the first American president to defeat an incumbent president in a presidential election?,before 2022,,FALSE,one-hop,never-changing,"https://en.wikipedia.org/wiki/List_of_presidents_who_did_not_win_reelection#:~:text=States%20presidential%20election-,Thomas%20Jefferson,-Adams%20placed%20third",Thomas Jefferson,,,,,,,,,,
342,TEST,How old was the youngest passenger on board the Titanic?,before 2022,,FALSE,multi-hop,never-changing,https://en.wikipedia.org/wiki/Millvina_Dean#:~:text=At%20two%20months%20old%2C%20she%20was%20also%20the%20youngest%20passenger%20aboard.,two months old,nine weeks old,72 days old,,,,,,,,
343,TEST,Which country hosts the most matches at the FIFA World Cup 2026?,before 2022,,FALSE,multi-hop,never-changing,https://www.goal.com/en-us/news/world-cup-2026-fifa-104-game-format-usa-canada-mexico-three-team-groups-scrapped/blt7f41cb1de2aa37c4#:~:text=with%20the%20U.S.%20initially%20down%20for%2060%20matches%20while%20Canada%20and%20Mexico%20were%20due%20to%20stage%2010%20apiece,the USA,USA,the United States,United States,U.S.,the U.S.,the US,,,,
344,TEST,Who is the last player to win the Ballon D'or before the Messi‚ÄìRonaldo dominance of the award?,before 2022,,FALSE,multi-hop,never-changing,"https://en.wikipedia.org/wiki/Ballon_d%27Or#Winners:~:text=121-,2007,Kak%C3%A1,-AC%20Milan",Kaka,Kak√°,Ricardo Kaka,Ricardo Kak√°,Ricardo Izecson dos Santos Leite,,,,,,
345,TEST,Who was the only student author of the paper that introduced the LSTM neural network architecture?,before 2022,,FALSE,multi-hop,never-changing,http://www.bioinf.jku.at/publications/older/2604.pdf,Sepp Hochreiter,"Josef ""Sepp"" Hochreiter",Hochreiter,,,,,,,,
346,TEST,What's the capital of the largest state in America?,before 2022,,FALSE,multi-hop,never-changing,"https://en.wikipedia.org/wiki/Alaska#:~:text=Alaska%20is%20the%20largest%20U.S.%20state%20by%20area
https://en.wikipedia.org/wiki/Alaska#:~:text=Capital-,Juneau,-Largest%20city",Juneau,,,,,,,,,,
347,TEST,Which city was the capital of California the year it became a state?,before 2022,,FALSE,multi-hop,never-changing,"https://en.wikipedia.org/wiki/San_Jose,_California#American_period:~:text=With%20California%27s%20Admission%20to%20the%20Union%20on%20September%209%2C%201850%2C%20San%20Jose%20became%20the%20state%27s%20first%20capital.",San Jose,San Jos√©,"San Jose, California","San Jos√©, California",,,,,,,
348,TEST,Where is the 8th president of the United States buried?,before 2022,,FALSE,multi-hop,never-changing,https://en.wikipedia.org/wiki/Martin_Van_Buren#Death:~:text=He%20is%20buried%20in%20the%20Kinderhook%20Reformed%20Dutch%20Church%20Cemetery,"Kinderhook, NY","Kinderhook, New York",Kinderhook,New York,,,,,,,
349,TEST,"Where was the author of the book ""A Game of Thrones"" born?",before 2022,,FALSE,multi-hop,never-changing,https://en.wikipedia.org/wiki/George_R._R._Martin#Early_life:~:text=Bayonne%2C%20New%20Jersey%2C%20U.S.,"Bayonne, NJ",Bayonne,New Jersey,,,,,,,,
350,TEST,Who was the emperor of China when the American Revolutionary War ended?,before 2022,,FALSE,multi-hop,never-changing,"https://en.wikipedia.org/wiki/American_Revolutionary_War#:~:text=The%20American%20Revolutionary%20War%20(April%2019%2C%201775%20%E2%80%93%20September%203%2C%201783)
https://en.wikipedia.org/wiki/Qianlong_Emperor#:~:text=He%20reigned%20officially%20from%201735%20until%20his%20abdication%20in%201796",Qianlong,Qianlong Emperor,Qian Long,Long Qian,,,,,,,
351,TEST,When did Naughty Dog release its first game on the PS1?,before 2022,,FALSE,multi-hop,never-changing,"https://en.wikipedia.org/wiki/List_of_Naughty_Dog_video_games#:~:text=Studios%5B2%5D-,Crash%20Bandicoot,3%2C%20PlayStation%20Portable%5B8%5D%0A2012%20%E2%80%93%20PlayStation%20Vita%5B9%5D,-Notes%3A",1996,9-Sep-96,9-Sep-96,9-Sep-96,9-Sep-96,09/9/1996,09-9-1996,9/09/1996,9-09-1996,1996/9/9,
352,TEST,The town that Sigmund Freud was born in is currently called by what name?,before 2022,,FALSE,multi-hop,never-changing,https://en.wikipedia.org/wiki/Sigmund_Freud#:~:text=Sigmund%20Freud%20was%20born%20to%20Ashkenazi%20Jewish%20parents%20in%20the%20Moravian%20town%20of%20Freiberg%2C%5B12%5D%5B13%5D%20in%20the%20Austrian%20Empire%20(in%20Czech%20P%C5%99%C3%ADbor%2C%20now%20Czech%20Republic),P≈ô√≠bor,"P≈ô√≠bor, Czech Republic",Pribor,,,,,,,,
353,TEST,Along what tectonic plate boundary were yeti crabs first discovered?,before 2022,,FALSE,multi-hop,never-changing,https://en.wikipedia.org/wiki/Kiwa_hirsuta#:~:text=It%20was%20found%20along%20the%20Pacific%2DAntarctic%20Ridge,Pacific-Antarctic Ridge,Pacific Antarctic Ridge,PAR,,,,,,,,
354,TEST,Which province borders Shanghai to the north?,before 2022,,FALSE,multi-hop,never-changing,https://en.wikipedia.org/wiki/Geography_of_Shanghai#:~:text=north%20and%20west%20to%20Jiangsu%20province,Jiangsu,Jiangsu province,,,,,,,,,
355,TEST,Where was the primary designer of AlexNet born?,before 2022,,FALSE,multi-hop,never-changing,"https://en.wikipedia.org/wiki/American_Revolutionary_War#:~:text=The%20American%20Revolutionary%20War%20(April%2019%2C%201775%20%E2%80%93%20September%203%2C%201783)
https://en.wikipedia.org/w/index.php?title=Alex_Krizhevsky&oldid=1222486527#:~:text=Alex%20Krizhevsky%20is%20a%20Ukrainian%2Dborn%20Canadian%20computer%20scientist",Ukraine,Soviet,,,,,,,,,
356,TEST,What is the main character's name in the last novel Jane Austen published while alive?,before 2022,,FALSE,multi-hop,never-changing,https://en.wikipedia.org/wiki/Emma_(novel)#:~:text=Emma%2C%20written%20after%20Austen%27s%20move%20to%20Chawton%2C%20was%20her%20last%20novel%20to%20be%20published%20during%20her%20lifetime,Emma,Emma Woodhouse,,,,,,,,,
357,TEST,After which country did Marie Curie name the first element that she discovered?,before 2022,,FALSE,multi-hop,never-changing,https://en.wikipedia.org/wiki/Marie_Curie#:~:text=She%20named%20the%20first%20chemical%20element%20she%20discovered%20polonium%2C%20after%20her%20native%20country.,Poland,,,,,,,,,,
358,TEST,When was the bass player of Miles Davis's first quintet born?,before 2022,,FALSE,multi-hop,never-changing,"https://en.wikipedia.org/wiki/Paul_Chambers#:~:text=Born-,April%2022%2C%201935,-Pittsburgh%2C%20Pennsylvania",1935,22-Apr-35,22-Apr-35,22-Apr-35,22-Apr-35,04/22/1935,04-22-1935,22/04/1935,22-04-1935,1935/4/22,
359,TEST,What organization handles the equivalent of the Nobel prize for computer science?,before 2022,,FALSE,multi-hop,never-changing,https://en.wikipedia.org/wiki/Turing_Award#:~:text=The%20ACM%20A.%20M.%20Turing%20Award%20is%20an%20annual%20prize%20given%20by%20the%20Association%20for%20Computing%20Machinery%20(ACM),Association for Computing Machinery (ACM),,,,,,,,,,
360,TEST,Who is the highest-earning woman in music on the Forbes' Celebrity 100 list in 2020?,before 2022,,FALSE,multi-hop,never-changing,https://en.wikipedia.org/wiki/Ariana_Grande#:~:text=In%202020%2C%20Grande%20became%20the%20highest%2Dearning%20woman%20in%20music%20on%20Forbes%27s%202020%20Celebrity%20100%20list,Ariana Grande,Ariana Grande-Butera,,,,,,,,,
361,TEST,How many athletes are there in the top 10 of the Forbes' Celebrity 100 list in 2020?,before 2022,,FALSE,multi-hop,never-changing,https://www.forbes.com/celebrities/list,5,five,,,,,,,,,
513,DEV,What city hosted the Summer Olympics in 1940?,before 2022,,TRUE,one-hop,never-changing,https://en.wikipedia.org/wiki/1940_Summer_Olympics#:~:text=They%20were%20ultimately%20canceled%20because%20of%20World%20War%20II,The Olympics in 1940 were cancelled.,,,,,,,,,,
514,DEV,What dedicated graphics processing unit does the M1 Macbook Air have?,before 2022,,TRUE,one-hop,never-changing,"https://en.wikipedia.org/wiki/MacBook_Air_(Apple_silicon)#M1_(2020):~:text=GPU-,Name,8,-EUs%20and%20ALUs","The M1 Macbook Air does not have a dedicated graphics processing unit (instead, the M1 chip contains its own CPU and GPU).",,,,,,,,,,
515,DEV,When did Mark Zuckerberg graduate from college?,before 2022,,TRUE,one-hop,never-changing,https://en.wikipedia.org/wiki/Mark_Zuckerberg#:~:text=Zuckerberg%20dropped%20out%20of%20Harvard%20in%20his%20sophomore%20year%20in%20order%20to%20complete%20the%20project.,Mark Zuckerberg has not graduated from college. He dropped out of Harvard and founded Facebook.,,,,,,,,,,
516,DEV,How many humans have been killed by dinosaurs?,before 2022,,TRUE,one-hop,never-changing,https://www.usgs.gov/faqs/did-people-and-dinosaurs-live-same-time#:~:text=After%20the%20dinosaurs%20died%20out%2C%20nearly%2065%20million%20years%20passed%20before%20people%20appeared%20on%20Earth.,"Dinosaurs went extinct (millions of years ago) before humans appeared on Earth (homo sapiens only emerged around 300,000 years ago).",,,,,,,,,,
517,DEV,What is the name of Venus' smallest moon?,before 2022,,TRUE,one-hop,never-changing,"https://phys.org/news/2014-04-moons-venus.html#:~:text=The%20answer%20is%20no%20moons,single%20natural%20moon%20orbiting%20them.",Venus has no moons.,,,,,,,,,,
518,DEV,"In 2021, which astronomer successfully lobbied the IAU to change Pluto's planetary classification from ""dwarf planet"" back to ""planet""?",before 2022,,TRUE,one-hop,never-changing,https://en.wikipedia.org/wiki/Pluto#Classification:~:text=Pluto%20(minor%2Dplanet%20designation%3A%20134340%20Pluto)%20is%20a%20dwarf%20planet,This never happened and Pluto is still considered a dwarf planet.,,,,,,,,,,
552,DEV,What is the title of the first film about the Titanic disaster?,before 2022,,FALSE,one-hop,never-changing,https://en.wikipedia.org/wiki/Saved_from_the_Titanic#:~:text=Premiering%20in%20the%20United%20States%20just%2031%20days%20after%20the%20event%2C%20it%20was%20the%20earliest%20dramatization%20of%20the%20tragedy.,Saved from the Titanic,,,,,,,,,,
553,DEV,How many fantasy novels are there in the Harry Potter series?,before 2022,,FALSE,one-hop,never-changing,"https://en.wikipedia.org/wiki/Harry_Potter#:~:text=Harry%20Potter%20is%20a%20series,School%20of%20Witchcraft%20and%20Wizardry.",7,seven,,,,,,,,,
554,DEV,Who created Internet Relay Chat?,before 2022,,FALSE,one-hop,never-changing,"https://en.wikipedia.org/wiki/Internet_Relay_Chat#:~:text=IRC%20was%20created%20by%20Jarkko,Department%20of%20Information%20Processing%20Science.",Jarkko Oikarinen,Oikarinen,,,,,,,,,
555,DEV,Who invented the Perceptron?,before 2022,,FALSE,one-hop,never-changing,https://en.wikipedia.org/wiki/Perceptron#:~:text=The%20perceptron%20was%20invented%20in%201943%20by%20Warren%20McCulloch%20and%20Walter%20Pitts.,Warren McCulloch and Walter Pitts,McCulloch and Pitts,,,,,,,,,
556,DEV,What is the capital of Costa Rica?,before 2022,,FALSE,one-hop,never-changing,"https://en.wikipedia.org/wiki/San_Jos%C3%A9,_Costa_Rica#:~:text=is%20the%20capital%20and%20largest%20city%20of%20Costa%20Rica",San Jos√©,San Jose,,,,,,,,,
557,DEV,When did Leo Szilard invent the nuclear chain reaction?,before 2022,,FALSE,one-hop,never-changing,https://en.wikipedia.org/wiki/Leo_Szilard#:~:text=He%20conceived%20the%20nuclear%20chain%20reaction%20in%201933,1933,,,,,,,,,,
558,DEV,Who is the founder of Boeing?,before 2022,,FALSE,one-hop,never-changing,https://en.wikipedia.org/wiki/William_E._Boeing#:~:text=He%20founded%20the%20Pacific%20Airplane%20Company%20in%201916%2C%20which%20was%20renamed%20to%20Boeing%20a%20year%20later.,William Edward Boeing,William Boeing,William E. Boeing,,,,,,,,
559,DEV,Who painted The Starry Night?,before 2022,,FALSE,one-hop,never-changing,https://en.wikipedia.org/wiki/The_Starry_Night#:~:text=The%20Starry%20Night%20(Dutch%3A%20De%20sterrennacht)%20is%20an%20oil%2Don%2Dcanvas%20painting%20by%20the%20Dutch%20Post%2DImpressionist%20painter%20Vincent%20van%20Gogh,Vincent van Gogh,Vincent Willem van Gogh,Van Gogh,,,,,,,,
560,DEV,What is the name of the main character in Great Expectations?,before 2022,,FALSE,one-hop,never-changing,https://en.wikipedia.org/wiki/Great_Expectations#:~:text=The%20novel%20is%20a%20Bildungsroman%20and%20depicts%20the%20education%20of%20an%20orphan%20nicknamed%20Pip.,Pip,Philip Pirrip,,,,,,,,,
561,DEV,What airbase is currently the headquarters of United States Forces Japan?,before 2022,,FALSE,one-hop,never-changing,https://en.wikipedia.org/wiki/United_States_Forces_Japan#:~:text=USFJ%20is%20headquartered%20at%20Yokota%20Air%20Base,Yokota Air Base,Yokota Air Base in Tokyo,"Yokota Air Base, Fussa, Western Tokyo",,,,,,,,
562,DEV,What was the name of the university where Meta was founded?,before 2022,,FALSE,one-hop,never-changing,https://en.wikipedia.org/wiki/Mark_Zuckerberg#:~:text=Zuckerberg%20briefly%20attended%20Harvard%20University%2C%20where%20he%20launched%20Facebook%20in%20February%202004%20with%20his%20roommates%20Eduardo%20Saverin%2C%20Andrew%20McCollum%2C%20Dustin%20Moskovitz%20and%20Chris%20Hughes.,Harvard University ,Harvard,,,,,,,,,
563,DEV,Who played piano in Miles Davis' first quintet?,before 2022,,FALSE,one-hop,never-changing,"https://en.wikipedia.org/wiki/Miles_Davis_Quintet#:~:text=%E2%80%94%20tenor%20saxophone-,Red%20Garland%20%E2%80%94%20piano,-Paul%20Chambers%20%E2%80%94",Red Garland,"William McKinley ""Red"" Garland Jr.",William ‚ÄúRed‚Ä?Garland,William McKinley Garland Jr.,,,,,,,
564,DEV,What is the brightest star in the sky?,before 2022,,FALSE,one-hop,never-changing,https://en.wikipedia.org/wiki/Sirius#:~:text=Sirius%20is%20the%20brightest%20star%20in%20the%20night%20sky.,Sirius,,,,,,,,,,
565,DEV,Who directed the movie Jaws?,before 2022,,FALSE,one-hop,never-changing,https://en.wikipedia.org/wiki/Jaws_(film)#:~:text=Jaws%20is%20a%201975%20American%20thriller%20film%20directed%20by%20Steven%20Spielberg,Steven Spielberg,Steven Allan Spielberg KBE,,,,,,,,,
566,DEV,How many Premier League goals has Paul Scholes scored in his senior career?,before 2022,,FALSE,one-hop,never-changing,"https://en.wikipedia.org/wiki/Paul_Scholes#:~:text=(-,107,-)",107,,,,,,,,,,
567,DEV,What is the city flower of Shanghai?,before 2022,,FALSE,one-hop,never-changing,https://en.wikipedia.org/wiki/Magnolia_denudata#:~:text=It%20is%20the%20official%20city%20flower%20of%20Shanghai.,Magnolia denudata,Yulan magnolia,lilytree,,,,,,,,
568,DEV,Is the Great Pyramid of Giza one of the New 7 Wonders of the World?,before 2022,,FALSE,one-hop,never-changing,https://en.wikipedia.org/wiki/Wonders_of_the_World#:~:text=The%20Great%20Pyramid%20of%20Giza%E2%80%94part%20of%20the%20Giza%20Pyramids%2C%20the%20only%20remaining%20wonder%20of%20the%20traditional%20Seven%20Wonders%20of%20the%20Ancient%20World%2C%20was%20not%20one%20of%20the%20winners%20announced%20in%202007%20but%20was%20added%20as%20an%20honorary%20candidate.,No,No. It was added as an honorary candidate though.,,,,,,,,,
573,DEV,What killed the student inventor of the Perceptron? ,before 2022,,FALSE,multi-hop,never-changing,"https://en.wikipedia.org/wiki/Perceptron#:~:text=The%20perceptron%20was%20invented%20in%201943%20by%20Warren%20McCulloch%20and%20Walter%20Pitts.
https://en.wikipedia.org/wiki/Walter_Pitts#:~:text=Pitts%20died%20in%201969%20of%20bleeding%20esophageal%20varices%2C%20a%20condition%20usually%20associated%20with%20cirrhosis%20and%20alcoholism.",esophageal varices, alcoholism,cirrhosis,,,,,,,,
574,DEV,Which member of The Beatles was born first?,before 2022,,FALSE,multi-hop,never-changing,https://beatlestrivia.com/when-were-the-members-of-the-beatles-born/#:~:text=In%20birth%20order%20(as%20seen%20in%20the%20photo%2C%20L%2DR)%3B%20Ringo%20Starr%20was%20born%20on%20July%207%2C%201940%2C%20John%20Lennon%20on%20October%209%2C%201940%2C%20Paul%20McCartney%20on%20June%2018%2C%201942%2C%20and%20George%20Harrison%20on%20February%2025%2C%201943.,Ringo Starr,R. Starr,Starr,Sir Ringo Starr,Ringo,Sir Richard Starke,Richard Starkey,,,,
575,DEV,Who was the emperor of China when Sweet Dew incident happened?,before 2022,,FALSE,multi-hop,never-changing,"https://en.wikipedia.org/wiki/Sweet_Dew_incident#:~:text=The%20Sweet%20Dew%20incident%20(Chinese,and%20the%20general%20Zheng%20Zhu.",Emperor Wenzong,Emperor Wenzong of the Chinese Tang dynasty,Emperor Wenzong of the Tang dynasty,Emperor Wenzong of Tang,Li Ang,Li Han,,,,,
